company,city,state,domain,email,source
D&A Building Services,Orlando,FL,dabuildingservices.com,info@dabuildingservices.com,search
Full Pressure Powerwash,Orlando,FL,fullpowerwash.com,,search
Pressure Washing Clearwater,Clearwater,FL,pressurewashingclearwater.com,,search
Pressure Wash This,Orlando,FL,pressurewashthis.net,,search
Reliable Pressure Cleaning,Plantation,FL,reliablepressurecleaning.co,,search
Peters Pressure Washing,Tampa,FL,peterspressurewashing.com,,search
Petersons Pressure Washing,Navarre,FL,petersonspressurewashing.com,,search
First Coast Home Pros,Jacksonville,FL,firstcoasthomepros.com,service@firstcoasthomepros.com,search
Suncoast Pressure Washing,Tampa,FL,suncoastpressurewashingllc.com,,search
ProClean Pressure Washing,Palm Harbor,FL,palmharborpressurewashingservices.com,,search
Clean Force Pressure Washing,Houston,TX,cleanforcepw.com,,manual
Texas Pressure Washing,Dallas,TX,texaspressurewashing.com,,manual
Austin Pressure Wash,Austin,TX,austinpressurewash.com,,manual
San Antonio Power Wash,San Antonio,TX,sapowerwash.com,,manual
DFW Pressure Washing,Dallas,TX,dfwpressurewashing.com,,manual
Gulf Coast Pressure Wash,Houston,TX,gulfcoastpressurewash.com,,manual
Phoenix Pressure Washing,Phoenix,AZ,phoenixpressurewashing.com,,manual
Arizona Power Wash,Scottsdale,AZ,arizonapowerwash.com,,manual
Tucson Pressure Cleaning,Tucson,AZ,tucsonpressurecleaning.com,,manual
Mesa Power Washing,Mesa,AZ,mesapowerwashing.com,,manual
